ID,close
1,4.077828427170372
2,4.292109144519441
3,4.105669482579529
4,3.876293372611299
5,3.7966377467289005
6,3.594426960158928
7,3.1466057382964467
8,3.42554025606223
9,3.8924059325711444
10,3.937734075321421
11,4.081294121362187
12,4.449498154411907
13,4.15173725278901
